[{"pk": 31, "model": "contenttypes.contenttype", "fields": {"model": "action", "name": "action", "app_label": "actstream"}}, {"pk": 24, "model": "contenttypes.contenttype", "fields": {"model": "amount", "name": "amount", "app_label": "recipe"}}, {"pk": 35, "model": "contenttypes.contenttype", "fields": {"model": "comment", "name": "comment", "app_label": "comments"}}, {"pk": 36, "model": "contenttypes.contenttype", "fields": {"model": "commentflag", "name": "comment flag", "app_label": "comments"}}, {"pk": 32, "model": "contenttypes.contenttype", "fields": {"model": "messagecontact", "name": "contact", "app_label": "umessages"}}, {"pk": 4, "model": "contenttypes.contenttype", "fields": {"model": "contenttype", "name": "content type", "app_label": "contenttypes"}}, {"pk": 11, "model": "contenttypes.contenttype", "fields": {"model": "crontabschedule", "name": "crontab", "app_label": "djcelery"}}, {"pk": 23, "model": "contenttypes.contenttype", "fields": {"model": "didrecipe", "name": "did recipe", "app_label": "recipe"}}, {"pk": 30, "model": "contenttypes.contenttype", "fields": {"model": "follow", "name": "follow", "app_label": "actstream"}}, {"pk": 28, "model": "contenttypes.contenttype", "fields": {"model": "food", "name": "food", "app_label": "food"}}, {"pk": 27, "model": "contenttypes.contenttype", "fields": {"model": "foodcategory", "name": "food category", "app_label": "food"}}, {"pk": 2, "model": "contenttypes.contenttype", "fields": {"model": "group", "name": "group", "app_label": "auth"}}, {"pk": 17, "model": "contenttypes.contenttype", "fields": {"model": "groupobjectpermission", "name": "group object permission", "app_label": "guardian"}}, {"pk": 10, "model": "contenttypes.contenttype", "fields": {"model": "intervalschedule", "name": "interval", "app_label": "djcelery"}}, {"pk": 7, "model": "contenttypes.contenttype", "fields": {"model": "logentry", "name": "log entry", "app_label": "admin"}}, {"pk": 34, "model": "contenttypes.contenttype", "fields": {"model": "message", "name": "message", "app_label": "umessages"}}, {"pk": 29, "model": "contenttypes.contenttype", "fields": {"model": "myprofile", "name": "my profile", "app_label": "accounts"}}, {"pk": 13, "model": "contenttypes.contenttype", "fields": {"model": "periodictask", "name": "periodic task", "app_label": "djcelery"}}, {"pk": 12, "model": "contenttypes.contenttype", "fields": {"model": "periodictasks", "name": "periodic tasks", "app_label": "djcelery"}}, {"pk": 1, "model": "contenttypes.contenttype", "fields": {"model": "permission", "name": "permission", "app_label": "auth"}}, {"pk": 22, "model": "contenttypes.contenttype", "fields": {"model": "recipe", "name": "recipe", "app_label": "recipe"}}, {"pk": 21, "model": "contenttypes.contenttype", "fields": {"model": "recipecategory", "name": "recipe category", "app_label": "recipe"}}, {"pk": 33, "model": "contenttypes.contenttype", "fields": {"model": "messagerecipient", "name": "recipient", "app_label": "umessages"}}, {"pk": 9, "model": "contenttypes.contenttype", "fields": {"model": "tasksetmeta", "name": "saved group result", "app_label": "djcelery"}}, {"pk": 5, "model": "contenttypes.contenttype", "fields": {"model": "session", "name": "session", "app_label": "sessions"}}, {"pk": 6, "model": "contenttypes.contenttype", "fields": {"model": "site", "name": "site", "app_label": "sites"}}, {"pk": 18, "model": "contenttypes.contenttype", "fields": {"model": "source", "name": "source", "app_label": "easy_thumbnails"}}, {"pk": 25, "model": "contenttypes.contenttype", "fields": {"model": "step", "name": "step", "app_label": "recipe"}}, {"pk": 15, "model": "contenttypes.contenttype", "fields": {"model": "taskstate", "name": "task", "app_label": "djcelery"}}, {"pk": 8, "model": "contenttypes.contenttype", "fields": {"model": "taskmeta", "name": "task state", "app_label": "djcelery"}}, {"pk": 19, "model": "contenttypes.contenttype", "fields": {"model": "thumbnail", "name": "thumbnail", "app_label": "easy_thumbnails"}}, {"pk": 3, "model": "contenttypes.contenttype", "fields": {"model": "user", "name": "user", "app_label": "auth"}}, {"pk": 16, "model": "contenttypes.contenttype", "fields": {"model": "userobjectpermission", "name": "user object permission", "app_label": "guardian"}}, {"pk": 20, "model": "contenttypes.contenttype", "fields": {"model": "userenasignup", "name": "userena registration", "app_label": "userena"}}, {"pk": 26, "model": "contenttypes.contenttype", "fields": {"model": "vote", "name": "vote", "app_label": "recipe"}}, {"pk": 14, "model": "contenttypes.contenttype", "fields": {"model": "workerstate", "name": "worker", "app_label": "djcelery"}}, {"pk": "f01227a5d3db4c4cf408475b4b3d2508", "model": "sessions.session", "fields": {"expire_date": "2012-12-01T23:36:18.917Z", "session_data": "NzM1NDIzN2VhYTE2NWY5MDQxNDc3YTM1MGE0Mzk3OTI4OWU0MGIxNjqAAn1xAShVEl9hdXRoX3Vz\nZXJfYmFja2VuZHECVSlkamFuZ28uY29udHJpYi5hdXRoLmJhY2tlbmRzLk1vZGVsQmFja2VuZHED\nVQ1fYXV0aF91c2VyX2lkcQRLAXUu\n"}}, {"pk": "83dbf06d8da58e6c5d1d0c2df329995c", "model": "sessions.session", "fields": {"expire_date": "2012-12-02T01:45:36.756Z", "session_data": "ODQ1YTgyZmJhMmYyOTg4YWJiMTQwNDQ5YzNkYjY3MDMzYTk3MWMyODqAAn1xAShVD19zZXNzaW9u\nX2V4cGlyeXECSwBVEl9hdXRoX3VzZXJfYmFja2VuZHEDVS11c2VyZW5hLmJhY2tlbmRzLlVzZXJl\nbmFBdXRoZW50aWNhdGlvbkJhY2tlbmRxBFUNX2F1dGhfdXNlcl9pZHEFSwF1Lg==\n"}}, {"pk": "fc8e6db9c660980081006c8d93cc02ed", "model": "sessions.session", "fields": {"expire_date": "2012-12-02T04:23:56.802Z", "session_data": "ODQ1YTgyZmJhMmYyOTg4YWJiMTQwNDQ5YzNkYjY3MDMzYTk3MWMyODqAAn1xAShVD19zZXNzaW9u\nX2V4cGlyeXECSwBVEl9hdXRoX3VzZXJfYmFja2VuZHEDVS11c2VyZW5hLmJhY2tlbmRzLlVzZXJl\nbmFBdXRoZW50aWNhdGlvbkJhY2tlbmRxBFUNX2F1dGhfdXNlcl9pZHEFSwF1Lg==\n"}}, {"pk": "7a13531f5dcac29a92965ce2dbd925be", "model": "sessions.session", "fields": {"expire_date": "2012-12-02T06:56:01.560Z", "session_data": "ODQ1YTgyZmJhMmYyOTg4YWJiMTQwNDQ5YzNkYjY3MDMzYTk3MWMyODqAAn1xAShVD19zZXNzaW9u\nX2V4cGlyeXECSwBVEl9hdXRoX3VzZXJfYmFja2VuZHEDVS11c2VyZW5hLmJhY2tlbmRzLlVzZXJl\nbmFBdXRoZW50aWNhdGlvbkJhY2tlbmRxBFUNX2F1dGhfdXNlcl9pZHEFSwF1Lg==\n"}}, {"pk": "42feaab841cbc0495e2697e697e0fb6a", "model": "sessions.session", "fields": {"expire_date": "2012-12-02T23:03:52.505Z", "session_data": "ODQ1YTgyZmJhMmYyOTg4YWJiMTQwNDQ5YzNkYjY3MDMzYTk3MWMyODqAAn1xAShVD19zZXNzaW9u\nX2V4cGlyeXECSwBVEl9hdXRoX3VzZXJfYmFja2VuZHEDVS11c2VyZW5hLmJhY2tlbmRzLlVzZXJl\nbmFBdXRoZW50aWNhdGlvbkJhY2tlbmRxBFUNX2F1dGhfdXNlcl9pZHEFSwF1Lg==\n"}}, {"pk": "1bf469ce9f60cb19ff37ef4ffc74dab3", "model": "sessions.session", "fields": {"expire_date": "2012-12-02T23:21:13.284Z", "session_data": "ODQ1YTgyZmJhMmYyOTg4YWJiMTQwNDQ5YzNkYjY3MDMzYTk3MWMyODqAAn1xAShVD19zZXNzaW9u\nX2V4cGlyeXECSwBVEl9hdXRoX3VzZXJfYmFja2VuZHEDVS11c2VyZW5hLmJhY2tlbmRzLlVzZXJl\nbmFBdXRoZW50aWNhdGlvbkJhY2tlbmRxBFUNX2F1dGhfdXNlcl9pZHEFSwF1Lg==\n"}}, {"pk": "4b2587a4341c4f32ba6f867a1e303059", "model": "sessions.session", "fields": {"expire_date": "2012-12-03T09:21:37.604Z", "session_data": "ODQ1YTgyZmJhMmYyOTg4YWJiMTQwNDQ5YzNkYjY3MDMzYTk3MWMyODqAAn1xAShVD19zZXNzaW9u\nX2V4cGlyeXECSwBVEl9hdXRoX3VzZXJfYmFja2VuZHEDVS11c2VyZW5hLmJhY2tlbmRzLlVzZXJl\nbmFBdXRoZW50aWNhdGlvbkJhY2tlbmRxBFUNX2F1dGhfdXNlcl9pZHEFSwF1Lg==\n"}}, {"pk": "830b7f0903e6aa98db835d7148aa164a", "model": "sessions.session", "fields": {"expire_date": "2012-12-03T23:42:28.352Z", "session_data": "NzM1NDIzN2VhYTE2NWY5MDQxNDc3YTM1MGE0Mzk3OTI4OWU0MGIxNjqAAn1xAShVEl9hdXRoX3Vz\nZXJfYmFja2VuZHECVSlkamFuZ28uY29udHJpYi5hdXRoLmJhY2tlbmRzLk1vZGVsQmFja2VuZHED\nVQ1fYXV0aF91c2VyX2lkcQRLAXUu\n"}}, {"pk": 1, "model": "sites.site", "fields": {"domain": "example.com", "name": "example.com"}}, {"pk": 1, "model": "djcelery.taskmeta", "fields": {"status": "SUCCESS", "task_id": "8ce312b7-d5f1-4669-8013-a71170bdd888", "date_done": "2012-11-17T23:44:11.874Z", "traceback": null, "meta": "eJxrYKotZAzlSM7IzEkpSs2LLdYDADcIBhY=", "result": null, "hidden": false}}, {"pk": 2, "model": "djcelery.taskmeta", "fields": {"status": "FAILURE", "task_id": "c7f00cdb-4ea6-4b71-a353-12fb4a16c2d6", "date_done": "2012-11-19T02:56:47.403Z", "traceback": "Traceback (most recent call last):\n  File \"/Library/Python/2.7/site-packages/celery-3.0.12-py2.7.egg/celery/task/trace.py\", line 224, in trace_task\n    R = retval = fun(*args, **kwargs)\n  File \"/Library/Python/2.7/site-packages/celery-3.0.12-py2.7.egg/celery/task/trace.py\", line 406, in __protected_call__\n    return self.run(*args, **kwargs)\n  File \"/Users/Michael/Desktop/CMPT470-1127-g-ido/project/chief/recipe/tasks.py\", line 55, in add_like_num\n    recipe = get_object_or_404(Recipe, pk=recipeid)\nNameError: global name 'get_object_or_404' is not defined\n", "meta": "eJxrYKotZAzlSM7IzEkpSs2LLdYDADcIBhY=", "result": "gAJjZXhjZXB0aW9ucwpOYW1lRXJyb3IKcQFVLmdsb2JhbCBuYW1lICdnZXRfb2JqZWN0X29yXzQwNCcgaXMgbm90IGRlZmluZWRxAoVxA1JxBC4=", "hidden": false}}, {"pk": 3, "model": "djcelery.taskmeta", "fields": {"status": "FAILURE", "task_id": "3906877a-42b7-402a-b61c-48b0e59d5cb4", "date_done": "2012-11-19T02:57:40.431Z", "traceback": "Traceback (most recent call last):\n  File \"/Library/Python/2.7/site-packages/celery-3.0.12-py2.7.egg/celery/task/trace.py\", line 224, in trace_task\n    R = retval = fun(*args, **kwargs)\n  File \"/Library/Python/2.7/site-packages/celery-3.0.12-py2.7.egg/celery/task/trace.py\", line 406, in __protected_call__\n    return self.run(*args, **kwargs)\n  File \"/Users/Michael/Desktop/CMPT470-1127-g-ido/project/chief/recipe/tasks.py\", line 59, in add_like_num\n    action.send(request.user, verb='liked', action_object = recipe, target=recipe)\nNameError: global name 'request' is not defined\n", "meta": "eJxrYKotZAzlSM7IzEkpSs2LLdYDADcIBhY=", "result": "gAJjZXhjZXB0aW9ucwpOYW1lRXJyb3IKcQFVJGdsb2JhbCBuYW1lICdyZXF1ZXN0JyBpcyBub3QgZGVmaW5lZHEChXEDUnEELg==", "hidden": false}}, {"pk": 4, "model": "djcelery.taskmeta", "fields": {"status": "SUCCESS", "task_id": "8169a2bf-e610-4eac-ab8b-528770132f29", "date_done": "2012-11-19T02:58:11.528Z", "traceback": null, "meta": "eJxrYKotZAzlSM7IzEkpSs2LLdYDADcIBhY=", "result": null, "hidden": false}}, {"pk": 5, "model": "djcelery.taskmeta", "fields": {"status": "SUCCESS", "task_id": "3d2d9b05-5dbc-4fde-a61b-bc0b5c4edb06", "date_done": "2012-11-19T03:09:17.880Z", "traceback": null, "meta": "eJxrYKotZAzlSM7IzEkpSs2LLdYDADcIBhY=", "result": null, "hidden": false}}, {"pk": 6, "model": "djcelery.taskmeta", "fields": {"status": "SUCCESS", "task_id": "d1b77cac-badd-4e49-9823-dba217ba9cfb", "date_done": "2012-11-19T23:49:35.138Z", "traceback": null, "meta": "eJxrYKotZAzlSM7IzEkpSs2LLdYDADcIBhY=", "result": null, "hidden": false}}, {"pk": 7, "model": "djcelery.taskmeta", "fields": {"status": "FAILURE", "task_id": "ffc1e5a6-4767-4701-88e7-01888cd5588b", "date_done": "2012-11-20T00:12:40.465Z", "traceback": "Traceback (most recent call last):\n  File \"/Library/Python/2.7/site-packages/celery-3.0.12-py2.7.egg/celery/task/trace.py\", line 224, in trace_task\n    R = retval = fun(*args, **kwargs)\n  File \"/Library/Python/2.7/site-packages/celery-3.0.12-py2.7.egg/celery/task/trace.py\", line 406, in __protected_call__\n    return self.run(*args, **kwargs)\n  File \"/Users/Michael/Desktop/CMPT470-1127-g-ido/project/chief/recipe/tasks.py\", line 62, in get_or_create_vote\n    else:\n  File \"/Library/Python/2.7/site-packages/django/dispatch/dispatcher.py\", line 172, in send\n    response = receiver(signal=self, sender=sender, **named)\n  File \"/Library/Python/2.7/site-packages/actstream/actions.py\", line 105, in action_handler\n    check_actionable_model(obj)\n  File \"/Library/Python/2.7/site-packages/actstream/exceptions.py\", line 45, in check_actionable_model\n    raise ModelNotActionable(model)\nModelNotActionable: ModelNotActionable(<class 'recipe.models.Recipe_Deferred_author_id_brief_category_id_cook37fd1888da273910417726d5c17eedf8'>,)\n", "meta": "eJxrYKotZAzlSM7IzEkpSs2LLdYDADcIBhY=", "result": "gAJjY2VsZXJ5LnV0aWxzLnNlcmlhbGl6YXRpb24KVW5waWNrbGVhYmxlRXhjZXB0aW9uV3JhcHBlcgpxAShVFGFjdHN0cmVhbS5leGNlcHRpb25zcQJVEk1vZGVsTm90QWN0aW9uYWJsZXEDXXEEVWg8Y2xhc3MgJ3JlY2lwZS5tb2RlbHMuUmVjaXBlX0RlZmVycmVkX2F1dGhvcl9pZF9icmllZl9jYXRlZ29yeV9pZF9jb29rMzdmZDE4ODhkYTI3MzkxMDQxNzcyNmQ1YzE3ZWVkZjgnPnEFYVV9TW9kZWxOb3RBY3Rpb25hYmxlKDxjbGFzcyAncmVjaXBlLm1vZGVscy5SZWNpcGVfRGVmZXJyZWRfYXV0aG9yX2lkX2JyaWVmX2NhdGVnb3J5X2lkX2Nvb2szN2ZkMTg4OGRhMjczOTEwNDE3NzI2ZDVjMTdlZWRmOCc+LClxBnRxB1JxCH1xCShVBHRleHRxCmgGVQpleGNfbW9kdWxlcQtoAlUIZXhjX2FyZ3NxDF1xDWgFYVUMZXhjX2Nsc19uYW1lcQ5oA3ViLg==", "hidden": false}}, {"pk": 8, "model": "djcelery.taskmeta", "fields": {"status": "FAILURE", "task_id": "1f674c35-77fa-4429-90bb-69b28119f9b4", "date_done": "2012-11-20T00:14:59.864Z", "traceback": "Traceback (most recent call last):\n  File \"/Library/Python/2.7/site-packages/celery-3.0.12-py2.7.egg/celery/task/trace.py\", line 224, in trace_task\n    R = retval = fun(*args, **kwargs)\n  File \"/Library/Python/2.7/site-packages/celery-3.0.12-py2.7.egg/celery/task/trace.py\", line 406, in __protected_call__\n    return self.run(*args, **kwargs)\n  File \"/Users/Michael/Desktop/CMPT470-1127-g-ido/project/chief/recipe/tasks.py\", line 61, in get_or_create_vote\n    action.send(user_object, verb='rated on', action_object = v, target = recipe_object)\n  File \"/Library/Python/2.7/site-packages/django/dispatch/dispatcher.py\", line 172, in send\n    response = receiver(signal=self, sender=sender, **named)\n  File \"/Library/Python/2.7/site-packages/actstream/actions.py\", line 105, in action_handler\n    check_actionable_model(obj)\n  File \"/Library/Python/2.7/site-packages/actstream/exceptions.py\", line 45, in check_actionable_model\n    raise ModelNotActionable(model)\nModelNotActionable: ModelNotActionable(<class 'recipe.models.Recipe_Deferred_author_id_brief_category_id_cook37fd1888da273910417726d5c17eedf8'>,)\n", "meta": "eJxrYKotZAzlSM7IzEkpSs2LLdYDADcIBhY=", "result": "gAJjY2VsZXJ5LnV0aWxzLnNlcmlhbGl6YXRpb24KVW5waWNrbGVhYmxlRXhjZXB0aW9uV3JhcHBlcgpxAShVFGFjdHN0cmVhbS5leGNlcHRpb25zcQJVEk1vZGVsTm90QWN0aW9uYWJsZXEDXXEEVWg8Y2xhc3MgJ3JlY2lwZS5tb2RlbHMuUmVjaXBlX0RlZmVycmVkX2F1dGhvcl9pZF9icmllZl9jYXRlZ29yeV9pZF9jb29rMzdmZDE4ODhkYTI3MzkxMDQxNzcyNmQ1YzE3ZWVkZjgnPnEFYVV9TW9kZWxOb3RBY3Rpb25hYmxlKDxjbGFzcyAncmVjaXBlLm1vZGVscy5SZWNpcGVfRGVmZXJyZWRfYXV0aG9yX2lkX2JyaWVmX2NhdGVnb3J5X2lkX2Nvb2szN2ZkMTg4OGRhMjczOTEwNDE3NzI2ZDVjMTdlZWRmOCc+LClxBnRxB1JxCH1xCShVBHRleHRxCmgGVQpleGNfbW9kdWxlcQtoAlUIZXhjX2FyZ3NxDF1xDWgFYVUMZXhjX2Nsc19uYW1lcQ5oA3ViLg==", "hidden": false}}, {"pk": 9, "model": "djcelery.taskmeta", "fields": {"status": "SUCCESS", "task_id": "25257514-bd2e-4f0c-8da4-86af282b490a", "date_done": "2012-11-20T00:16:57.948Z", "traceback": null, "meta": "eJxrYKotZAzlSM7IzEkpSs2LLdYDADcIBhY=", "result": null, "hidden": false}}, {"pk": 10, "model": "djcelery.taskmeta", "fields": {"status": "SUCCESS", "task_id": "49037037-9187-44e5-8794-a90672551543", "date_done": "2012-11-20T00:17:09.355Z", "traceback": null, "meta": "eJxrYKotZAzlSM7IzEkpSs2LLdYDADcIBhY=", "result": null, "hidden": false}}, {"pk": 11, "model": "djcelery.taskmeta", "fields": {"status": "FAILURE", "task_id": "e9f1125b-3441-4f30-ac96-cd17221ec326", "date_done": "2012-11-20T00:17:49.383Z", "traceback": "Traceback (most recent call last):\n  File \"/Library/Python/2.7/site-packages/celery-3.0.12-py2.7.egg/celery/task/trace.py\", line 224, in trace_task\n    R = retval = fun(*args, **kwargs)\n  File \"/Library/Python/2.7/site-packages/celery-3.0.12-py2.7.egg/celery/task/trace.py\", line 406, in __protected_call__\n    return self.run(*args, **kwargs)\n  File \"/Users/Michael/Desktop/CMPT470-1127-g-ido/project/chief/recipe/tasks.py\", line 61, in get_or_create_vote\n    action.send(user_object, verb='rated on', action_object = v, target = recipe_object)\n  File \"/Library/Python/2.7/site-packages/django/dispatch/dispatcher.py\", line 172, in send\n    response = receiver(signal=self, sender=sender, **named)\n  File \"/Library/Python/2.7/site-packages/actstream/actions.py\", line 105, in action_handler\n    check_actionable_model(obj)\n  File \"/Library/Python/2.7/site-packages/actstream/exceptions.py\", line 45, in check_actionable_model\n    raise ModelNotActionable(model)\nModelNotActionable: ModelNotActionable(<class 'recipe.models.Recipe_Deferred_brief_tips'>,)\n", "meta": "eJxrYKotZAzlSM7IzEkpSs2LLdYDADcIBhY=", "result": "gAJjY2VsZXJ5LnV0aWxzLnNlcmlhbGl6YXRpb24KVW5waWNrbGVhYmxlRXhjZXB0aW9uV3JhcHBlcgpxAShVFGFjdHN0cmVhbS5leGNlcHRpb25zcQJVEk1vZGVsTm90QWN0aW9uYWJsZXEDXXEEVTI8Y2xhc3MgJ3JlY2lwZS5tb2RlbHMuUmVjaXBlX0RlZmVycmVkX2JyaWVmX3RpcHMnPnEFYVVHTW9kZWxOb3RBY3Rpb25hYmxlKDxjbGFzcyAncmVjaXBlLm1vZGVscy5SZWNpcGVfRGVmZXJyZWRfYnJpZWZfdGlwcyc+LClxBnRxB1JxCH1xCShVBHRleHRxCmgGVQpleGNfbW9kdWxlcQtoAlUIZXhjX2FyZ3NxDF1xDWgFYVUMZXhjX2Nsc19uYW1lcQ5oA3ViLg==", "hidden": false}}, {"pk": 12, "model": "djcelery.taskmeta", "fields": {"status": "FAILURE", "task_id": "935e924d-f3e2-4033-ad0d-458bfec1de74", "date_done": "2012-11-20T00:20:11.608Z", "traceback": "Traceback (most recent call last):\n  File \"/Library/Python/2.7/site-packages/celery-3.0.12-py2.7.egg/celery/task/trace.py\", line 224, in trace_task\n    R = retval = fun(*args, **kwargs)\n  File \"/Library/Python/2.7/site-packages/celery-3.0.12-py2.7.egg/celery/task/trace.py\", line 406, in __protected_call__\n    return self.run(*args, **kwargs)\n  File \"/Users/Michael/Desktop/CMPT470-1127-g-ido/project/chief/recipe/tasks.py\", line 53, in get_or_create_vote\n    recipe_object = Recipe.objects.get(pk = r).defer('brief','tips')\nAttributeError: 'Recipe' object has no attribute 'defer'\n", "meta": "eJxrYKotZAzlSM7IzEkpSs2LLdYDADcIBhY=", "result": "gAJjZXhjZXB0aW9ucwpBdHRyaWJ1dGVFcnJvcgpxAVUoJ1JlY2lwZScgb2JqZWN0IGhhcyBubyBhdHRyaWJ1dGUgJ2RlZmVyJ3EChXEDUnEELg==", "hidden": false}}, {"pk": 13, "model": "djcelery.taskmeta", "fields": {"status": "FAILURE", "task_id": "25b4bd82-03a9-4ad7-baa8-02b82e37ee50", "date_done": "2012-11-20T00:22:34.131Z", "traceback": "Traceback (most recent call last):\n  File \"/Library/Python/2.7/site-packages/celery-3.0.12-py2.7.egg/celery/task/trace.py\", line 224, in trace_task\n    R = retval = fun(*args, **kwargs)\n  File \"/Library/Python/2.7/site-packages/celery-3.0.12-py2.7.egg/celery/task/trace.py\", line 406, in __protected_call__\n    return self.run(*args, **kwargs)\n  File \"/Users/Michael/Desktop/CMPT470-1127-g-ido/project/chief/recipe/tasks.py\", line 53, in get_or_create_vote\n    recipe_object = Recipe.objects.get(pk = r)\nAttributeError: 'Recipe' object has no attribute 'defer'\n", "meta": "eJxrYKotZAzlSM7IzEkpSs2LLdYDADcIBhY=", "result": "gAJjZXhjZXB0aW9ucwpBdHRyaWJ1dGVFcnJvcgpxAVUoJ1JlY2lwZScgb2JqZWN0IGhhcyBubyBhdHRyaWJ1dGUgJ2RlZmVyJ3EChXEDUnEELg==", "hidden": false}}, {"pk": 14, "model": "djcelery.taskmeta", "fields": {"status": "FAILURE", "task_id": "bdf9cc9f-58d5-45fd-9e8a-42fa1f9eb254", "date_done": "2012-11-20T00:22:34.153Z", "traceback": "Traceback (most recent call last):\n  File \"/Library/Python/2.7/site-packages/celery-3.0.12-py2.7.egg/celery/task/trace.py\", line 224, in trace_task\n    R = retval = fun(*args, **kwargs)\n  File \"/Library/Python/2.7/site-packages/celery-3.0.12-py2.7.egg/celery/task/trace.py\", line 406, in __protected_call__\n    return self.run(*args, **kwargs)\n  File \"/Users/Michael/Desktop/CMPT470-1127-g-ido/project/chief/recipe/tasks.py\", line 53, in get_or_create_vote\n    recipe_object = Recipe.objects.get(pk = r)\nAttributeError: 'Recipe' object has no attribute 'defer'\n", "meta": "eJxrYKotZAzlSM7IzEkpSs2LLdYDADcIBhY=", "result": "gAJjZXhjZXB0aW9ucwpBdHRyaWJ1dGVFcnJvcgpxAVUoJ1JlY2lwZScgb2JqZWN0IGhhcyBubyBhdHRyaWJ1dGUgJ2RlZmVyJ3EChXEDUnEELg==", "hidden": false}}, {"pk": 15, "model": "djcelery.taskmeta", "fields": {"status": "SUCCESS", "task_id": "55108499-0575-484e-9220-35dd2a7713c6", "date_done": "2012-11-20T00:25:01.286Z", "traceback": null, "meta": "eJxrYKotZAzlSM7IzEkpSs2LLdYDADcIBhY=", "result": null, "hidden": false}}, {"pk": 1, "model": "easy_thumbnails.source", "fields": {"name": "/Users/Michael/Desktop/CMPT470-1127-g-ido/project/chief/media/Recipe_Images/Cover_Images/87547afa-d0d1-4e50-929b-afe274112046/ea.jpg", "storage_hash": "f9bde26a1556cd667f742bd34ec7c55e", "modified": "2012-11-17T23:43:36Z"}}, {"pk": 2, "model": "easy_thumbnails.source", "fields": {"name": "mugshots/17864b3f34.jpg", "storage_hash": "f9bde26a1556cd667f742bd34ec7c55e", "modified": "2012-11-18T01:46:55.082Z"}}, {"pk": 3, "model": "easy_thumbnails.source", "fields": {"name": "/home/haoweiz/Projects/sfu/470/CMPT470-1127-g-ido/project/chief/media/Recipe_Images/Cover_Images/4e4fb1fa-2408-49e5-9a88-96db91fcb0cf/pig1.jpg", "storage_hash": "f9bde26a1556cd667f742bd34ec7c55e", "modified": "2012-11-18T04:51:36.321Z"}}, {"pk": 4, "model": "easy_thumbnails.source", "fields": {"name": "/home/haoweiz/Projects/sfu/470/CMPT470-1127-g-ido/project/chief/media/Recipe_Images/Step_Image/5af15a0b-ce04-4ac5-b6b0-951cf44d95ae/99342.jpg", "storage_hash": "f9bde26a1556cd667f742bd34ec7c55e", "modified": "2012-11-18T04:52:12.113Z"}}, {"pk": 5, "model": "easy_thumbnails.source", "fields": {"name": "/home/haoweiz/Projects/sfu/470/CMPT470-1127-g-ido/project/chief/media/Recipe_Images/Step_Image/07f4f75a-4907-40cc-b898-9a436aca01b8/pig1.jpg", "storage_hash": "f9bde26a1556cd667f742bd34ec7c55e", "modified": "2012-11-18T04:52:17.817Z"}}, {"pk": 6, "model": "easy_thumbnails.source", "fields": {"name": "/home/haoweiz/Projects/sfu/470/CMPT470-1127-g-ido/project/chief/media/Recipe_Images/Cover_Images/a4c7e615-1480-483b-85e5-94f1a04bea4c/this-is-sparta.jpg", "storage_hash": "f9bde26a1556cd667f742bd34ec7c55e", "modified": "2012-11-18T09:36:47.147Z"}}, {"pk": 7, "model": "easy_thumbnails.source", "fields": {"name": "/home/haoweiz/Projects/sfu/470/CMPT470-1127-g-ido/project/chief/media/Recipe_Images/Step_Image/d84c0835-455b-4ed9-9d11-e5ce50e5ff7d/2012.10.2_1920x1080.jpg", "storage_hash": "f9bde26a1556cd667f742bd34ec7c55e", "modified": "2012-11-18T09:37:17.551Z"}}, {"pk": 8, "model": "easy_thumbnails.source", "fields": {"name": "/home/haoweiz/Projects/sfu/470/CMPT470-1127-g-ido/project/chief/media/Recipe_Images/Cover_Images/b4346167-7bf3-44d2-9fa5-917dc5525a16/Screenshot from 2012-11-03 21:45:34.png", "storage_hash": "f9bde26a1556cd667f742bd34ec7c55e", "modified": "2012-11-18T09:38:00.615Z"}}, {"pk": 9, "model": "easy_thumbnails.source", "fields": {"name": "/home/haoweiz/Projects/sfu/470/CMPT470-1127-g-ido/project/chief/media/Recipe_Images/Step_Image/378cb9f2-eb2a-43fb-be9e-13783baabac4/this-is-sparta.jpg", "storage_hash": "f9bde26a1556cd667f742bd34ec7c55e", "modified": "2012-11-18T09:38:29.063Z"}}, {"pk": 10, "model": "easy_thumbnails.source", "fields": {"name": "/Users/Michael/Desktop/CMPT470-1127-g-ido/project/chief/media/Recipe_Images/Cover_Images/734091d5-0f01-4d38-8123-974b8de96db9/to.jpg", "storage_hash": "f9bde26a1556cd667f742bd34ec7c55e", "modified": "2012-11-19T09:20:40Z"}}, {"pk": 11, "model": "easy_thumbnails.source", "fields": {"name": "/Users/Michael/Desktop/CMPT470-1127-g-ido/project/chief/media/Recipe_Images/Cover_Images/e6029245-56df-417d-a07c-40be7607b48c/to.jpg", "storage_hash": "f9bde26a1556cd667f742bd34ec7c55e", "modified": "2012-11-19T23:15:43Z"}}, {"pk": 12, "model": "easy_thumbnails.source", "fields": {"name": "/Users/Michael/Desktop/CMPT470-1127-g-ido/project/chief/media/Recipe_Images/Cover_Images/fd28f3d7-690d-4eac-b4c0-5ed4c357ce97/to.jpg", "storage_hash": "f9bde26a1556cd667f742bd34ec7c55e", "modified": "2012-11-19T23:19:56Z"}}, {"pk": 13, "model": "easy_thumbnails.source", "fields": {"name": "/Users/Michael/Desktop/CMPT470-1127-g-ido/project/chief/media/Recipe_Images/Cover_Images/dd1456d1-7d42-453e-bb90-4294010dbceb/to.jpg", "storage_hash": "f9bde26a1556cd667f742bd34ec7c55e", "modified": "2012-11-19T23:21:24Z"}}, {"pk": 1, "model": "easy_thumbnails.thumbnail", "fields": {"source": 1, "name": "/Users/Michael/Desktop/CMPT470-1127-g-ido/project/chief/media/Recipe_Images/Cover_Images/87547afa-d0d1-4e50-929b-afe274112046/ea.jpg.540x0_q90_crop_detail_sharpen_upscale.jpg", "storage_hash": "d26becbf46ac48eda79c7a39a13a02dd", "modified": "2012-11-17T23:43:36Z"}}, {"pk": 2, "model": "easy_thumbnails.thumbnail", "fields": {"source": 3, "name": "/home/haoweiz/Projects/sfu/470/CMPT470-1127-g-ido/project/chief/media/Recipe_Images/Cover_Images/4e4fb1fa-2408-49e5-9a88-96db91fcb0cf/pig1.jpg.540x0_q90_crop_detail_sharpen_upscale.jpg", "storage_hash": "d26becbf46ac48eda79c7a39a13a02dd", "modified": "2012-11-18T04:51:36.377Z"}}, {"pk": 3, "model": "easy_thumbnails.thumbnail", "fields": {"source": 4, "name": "/home/haoweiz/Projects/sfu/470/CMPT470-1127-g-ido/project/chief/media/Recipe_Images/Step_Image/5af15a0b-ce04-4ac5-b6b0-951cf44d95ae/99342.jpg.160x0_q75_crop_detail_sharpen_upscale.jpg", "storage_hash": "d26becbf46ac48eda79c7a39a13a02dd", "modified": "2012-11-18T04:52:12.129Z"}}, {"pk": 4, "model": "easy_thumbnails.thumbnail", "fields": {"source": 5, "name": "/home/haoweiz/Projects/sfu/470/CMPT470-1127-g-ido/project/chief/media/Recipe_Images/Step_Image/07f4f75a-4907-40cc-b898-9a436aca01b8/pig1.jpg.160x0_q75_crop_detail_sharpen_upscale.jpg", "storage_hash": "d26becbf46ac48eda79c7a39a13a02dd", "modified": "2012-11-18T04:52:17.837Z"}}, {"pk": 5, "model": "easy_thumbnails.thumbnail", "fields": {"source": 6, "name": "/home/haoweiz/Projects/sfu/470/CMPT470-1127-g-ido/project/chief/media/Recipe_Images/Cover_Images/a4c7e615-1480-483b-85e5-94f1a04bea4c/this-is-sparta.jpg.540x0_q90_crop_detail_sharpen_upscale.jpg", "storage_hash": "d26becbf46ac48eda79c7a39a13a02dd", "modified": "2012-11-18T09:36:47.219Z"}}, {"pk": 6, "model": "easy_thumbnails.thumbnail", "fields": {"source": 7, "name": "/home/haoweiz/Projects/sfu/470/CMPT470-1127-g-ido/project/chief/media/Recipe_Images/Step_Image/d84c0835-455b-4ed9-9d11-e5ce50e5ff7d/2012.10.2_1920x1080.jpg.160x0_q75_crop_detail_sharpen_upscale.jpg", "storage_hash": "d26becbf46ac48eda79c7a39a13a02dd", "modified": "2012-11-18T09:37:17.711Z"}}, {"pk": 7, "model": "easy_thumbnails.thumbnail", "fields": {"source": 8, "name": "/home/haoweiz/Projects/sfu/470/CMPT470-1127-g-ido/project/chief/media/Recipe_Images/Cover_Images/b4346167-7bf3-44d2-9fa5-917dc5525a16/Screenshot from 2012-11-03 21:45:34.png.540x0_q90_crop_detail_sharpen_upscale.jpg", "storage_hash": "d26becbf46ac48eda79c7a39a13a02dd", "modified": "2012-11-18T09:38:00.791Z"}}, {"pk": 8, "model": "easy_thumbnails.thumbnail", "fields": {"source": 9, "name": "/home/haoweiz/Projects/sfu/470/CMPT470-1127-g-ido/project/chief/media/Recipe_Images/Step_Image/378cb9f2-eb2a-43fb-be9e-13783baabac4/this-is-sparta.jpg.160x0_q75_crop_detail_sharpen_upscale.jpg", "storage_hash": "d26becbf46ac48eda79c7a39a13a02dd", "modified": "2012-11-18T09:38:29.083Z"}}, {"pk": 9, "model": "easy_thumbnails.thumbnail", "fields": {"source": 10, "name": "/Users/Michael/Desktop/CMPT470-1127-g-ido/project/chief/media/Recipe_Images/Cover_Images/734091d5-0f01-4d38-8123-974b8de96db9/to.jpg.540x0_q90_crop_detail_sharpen_upscale.jpg", "storage_hash": "d26becbf46ac48eda79c7a39a13a02dd", "modified": "2012-11-19T09:20:41Z"}}, {"pk": 10, "model": "easy_thumbnails.thumbnail", "fields": {"source": 11, "name": "/Users/Michael/Desktop/CMPT470-1127-g-ido/project/chief/media/Recipe_Images/Cover_Images/e6029245-56df-417d-a07c-40be7607b48c/to.jpg.540x0_q90_crop_detail_sharpen_upscale.jpg", "storage_hash": "d26becbf46ac48eda79c7a39a13a02dd", "modified": "2012-11-19T23:15:43Z"}}, {"pk": 11, "model": "easy_thumbnails.thumbnail", "fields": {"source": 12, "name": "/Users/Michael/Desktop/CMPT470-1127-g-ido/project/chief/media/Recipe_Images/Cover_Images/fd28f3d7-690d-4eac-b4c0-5ed4c357ce97/to.jpg.540x0_q90_crop_detail_sharpen_upscale.jpg", "storage_hash": "d26becbf46ac48eda79c7a39a13a02dd", "modified": "2012-11-19T23:19:57Z"}}, {"pk": 12, "model": "easy_thumbnails.thumbnail", "fields": {"source": 13, "name": "/Users/Michael/Desktop/CMPT470-1127-g-ido/project/chief/media/Recipe_Images/Cover_Images/dd1456d1-7d42-453e-bb90-4294010dbceb/to.jpg.540x0_q90_crop_detail_sharpen_upscale.jpg", "storage_hash": "d26becbf46ac48eda79c7a39a13a02dd", "modified": "2012-11-19T23:21:25Z"}}, {"pk": 1, "model": "recipe.recipecategory", "fields": {"name": "Test", "brief": "Test Food Category"}}, {"pk": 1, "model": "recipe.amount", "fields": {"amount": "1", "must": false, "recipe": 1, "ingredient": 1}}, {"pk": 2, "model": "recipe.amount", "fields": {"amount": "dsafadsf", "must": true, "recipe": 2, "ingredient": 2}}, {"pk": 3, "model": "recipe.amount", "fields": {"amount": "jlk;j", "must": false, "recipe": 2, "ingredient": 3}}, {"pk": 4, "model": "recipe.amount", "fields": {"amount": "1 pound", "must": false, "recipe": 3, "ingredient": 4}}, {"pk": 5, "model": "recipe.amount", "fields": {"amount": "1 pound", "must": true, "recipe": 4, "ingredient": 5}}, {"pk": 6, "model": "recipe.amount", "fields": {"amount": "1 pot", "must": false, "recipe": 4, "ingredient": 6}}, {"pk": 1, "model": "recipe.step", "fields": {"recipe": 1, "description": "12123", "step_image": "", "step_num": 0}}, {"pk": 2, "model": "recipe.step", "fields": {"recipe": 2, "description": "1", "step_image": "/media/Recipe_Images/Step_Image/5af15a0b-ce04-4ac5-b6b0-951cf44d95ae/99342.jpg.160x0_q75_crop_detail_sharpen_upscale.jpg", "step_num": 0}}, {"pk": 3, "model": "recipe.step", "fields": {"recipe": 2, "description": "2", "step_image": "/media/Recipe_Images/Step_Image/07f4f75a-4907-40cc-b898-9a436aca01b8/pig1.jpg.160x0_q75_crop_detail_sharpen_upscale.jpg", "step_num": 1}}, {"pk": 4, "model": "recipe.step", "fields": {"recipe": 3, "description": "1", "step_image": "/media/Recipe_Images/Step_Image/d84c0835-455b-4ed9-9d11-e5ce50e5ff7d/2012.10.2_1920x1080.jpg.160x0_q75_crop_detail_sharpen_upscale.jpg", "step_num": 0}}, {"pk": 5, "model": "recipe.step", "fields": {"recipe": 4, "description": "1", "step_image": "/media/Recipe_Images/Step_Image/378cb9f2-eb2a-43fb-be9e-13783baabac4/this-is-sparta.jpg.160x0_q75_crop_detail_sharpen_upscale.jpg", "step_num": 0}}, {"pk": 1, "model": "food.foodcategory", "fields": {"name": "unactive", "parent": null}}, {"pk": 4, "model": "food.food", "fields": {"category": 1, "food_efficacy": "", "storage_time": "", "brief": "", "view_num": 0, "storage_method": "", "like_num": 0, "cover_image": "", "pick_method": "", "name": "Yu Yu"}}, {"pk": 5, "model": "food.food", "fields": {"category": 1, "food_efficacy": "", "storage_time": "", "brief": "", "view_num": 0, "storage_method": "", "like_num": 0, "cover_image": "", "pick_method": "", "name": "sfddsaf"}}, {"pk": 6, "model": "food.food", "fields": {"category": 1, "food_efficacy": "", "storage_time": "", "brief": "", "view_num": 0, "storage_method": "", "like_num": 0, "cover_image": "", "pick_method": "", "name": "asfasfd"}}, {"pk": 2, "model": "food.food", "fields": {"category": 1, "food_efficacy": "", "storage_time": "", "brief": "", "view_num": 1, "storage_method": "", "like_num": 0, "cover_image": "", "pick_method": "", "name": "dadfdsaf"}}, {"pk": 3, "model": "food.food", "fields": {"category": 1, "food_efficacy": "", "storage_time": "", "brief": "", "view_num": 1, "storage_method": "", "like_num": 0, "cover_image": "", "pick_method": "", "name": "jl;kj"}}, {"pk": 1, "model": "food.food", "fields": {"category": 1, "food_efficacy": "", "storage_time": "", "brief": "", "view_num": 8, "storage_method": "", "like_num": 0, "cover_image": "", "pick_method": "", "name": "Test Food"}}, {"pk": 28, "model": "actstream.action", "fields": {"action_object_object_id": "31", "description": null, "timestamp": "2012-11-20T02:58:09.402Z", "action_object_content_type": 35, "actor_object_id": "1", "verb": "discussed", "target_object_id": "1", "actor_content_type": 3, "public": true, "target_content_type": 22}}, {"pk": 27, "model": "actstream.action", "fields": {"action_object_object_id": "30", "description": null, "timestamp": "2012-11-20T02:58:00.365Z", "action_object_content_type": 35, "actor_object_id": "1", "verb": "discussed", "target_object_id": "1", "actor_content_type": 3, "public": true, "target_content_type": 22}}, {"pk": 26, "model": "actstream.action", "fields": {"action_object_object_id": "29", "description": null, "timestamp": "2012-11-20T02:57:46.313Z", "action_object_content_type": 35, "actor_object_id": "1", "verb": "discussed", "target_object_id": "1", "actor_content_type": 3, "public": true, "target_content_type": 22}}, {"pk": 25, "model": "actstream.action", "fields": {"action_object_object_id": "28", "description": null, "timestamp": "2012-11-20T02:56:18.609Z", "action_object_content_type": 35, "actor_object_id": "1", "verb": "discussed", "target_object_id": "1", "actor_content_type": 3, "public": true, "target_content_type": 22}}, {"pk": 24, "model": "actstream.action", "fields": {"action_object_object_id": "27", "description": null, "timestamp": "2012-11-20T02:55:50.430Z", "action_object_content_type": 35, "actor_object_id": "1", "verb": "discussed", "target_object_id": "1", "actor_content_type": 3, "public": true, "target_content_type": 22}}, {"pk": 23, "model": "actstream.action", "fields": {"action_object_object_id": "26", "description": null, "timestamp": "2012-11-20T02:52:42.772Z", "action_object_content_type": 35, "actor_object_id": "1", "verb": "discussed", "target_object_id": "1", "actor_content_type": 3, "public": true, "target_content_type": 22}}, {"pk": 22, "model": "actstream.action", "fields": {"action_object_object_id": "26", "description": null, "timestamp": "2012-11-20T02:52:32.229Z", "action_object_content_type": 35, "actor_object_id": "1", "verb": "discussed", "target_object_id": "1", "actor_content_type": 3, "public": true, "target_content_type": 22}}, {"pk": 21, "model": "actstream.action", "fields": {"action_object_object_id": "25", "description": null, "timestamp": "2012-11-20T02:51:31.278Z", "action_object_content_type": 35, "actor_object_id": "1", "verb": "discussed", "target_object_id": "1", "actor_content_type": 3, "public": true, "target_content_type": 22}}, {"pk": 20, "model": "actstream.action", "fields": {"action_object_object_id": "24", "description": null, "timestamp": "2012-11-20T02:40:08.989Z", "action_object_content_type": 35, "actor_object_id": "1", "verb": "discussed", "target_object_id": "1", "actor_content_type": 3, "public": true, "target_content_type": 22}}, {"pk": 19, "model": "actstream.action", "fields": {"action_object_object_id": "23", "description": null, "timestamp": "2012-11-20T02:37:20.968Z", "action_object_content_type": 35, "actor_object_id": "1", "verb": "discussed", "target_object_id": "1", "actor_content_type": 3, "public": true, "target_content_type": 22}}, {"pk": 18, "model": "actstream.action", "fields": {"action_object_object_id": "22", "description": null, "timestamp": "2012-11-20T02:32:34.267Z", "action_object_content_type": 35, "actor_object_id": "1", "verb": "discussed", "target_object_id": "1", "actor_content_type": 3, "public": true, "target_content_type": 22}}, {"pk": 17, "model": "actstream.action", "fields": {"action_object_object_id": "21", "description": null, "timestamp": "2012-11-20T01:46:59.768Z", "action_object_content_type": 35, "actor_object_id": "1", "verb": "discussed", "target_object_id": "1", "actor_content_type": 3, "public": true, "target_content_type": 22}}, {"pk": 16, "model": "actstream.action", "fields": {"action_object_object_id": "20", "description": null, "timestamp": "2012-11-20T01:45:07.512Z", "action_object_content_type": 35, "actor_object_id": "1", "verb": "discussed", "target_object_id": "1", "actor_content_type": 3, "public": true, "target_content_type": 22}}, {"pk": 15, "model": "actstream.action", "fields": {"action_object_object_id": "19", "description": null, "timestamp": "2012-11-20T01:43:32.930Z", "action_object_content_type": 35, "actor_object_id": "1", "verb": "discussed", "target_object_id": "1", "actor_content_type": 3, "public": true, "target_content_type": 22}}, {"pk": 14, "model": "actstream.action", "fields": {"action_object_object_id": "18", "description": null, "timestamp": "2012-11-20T01:42:03.616Z", "action_object_content_type": 35, "actor_object_id": "1", "verb": "discussed", "target_object_id": "1", "actor_content_type": 3, "public": true, "target_content_type": 22}}, {"pk": 13, "model": "actstream.action", "fields": {"action_object_object_id": "17", "description": null, "timestamp": "2012-11-20T01:31:44.237Z", "action_object_content_type": 35, "actor_object_id": "1", "verb": "discussed", "target_object_id": "1", "actor_content_type": 3, "public": true, "target_content_type": 22}}, {"pk": 12, "model": "actstream.action", "fields": {"action_object_object_id": "16", "description": null, "timestamp": "2012-11-20T01:26:08.317Z", "action_object_content_type": 35, "actor_object_id": "1", "verb": "discussed", "target_object_id": "1", "actor_content_type": 3, "public": true, "target_content_type": 22}}, {"pk": 11, "model": "actstream.action", "fields": {"action_object_object_id": "15", "description": null, "timestamp": "2012-11-20T01:06:31.142Z", "action_object_content_type": 35, "actor_object_id": "1", "verb": "discussed", "target_object_id": "1", "actor_content_type": 3, "public": true, "target_content_type": 22}}, {"pk": 10, "model": "actstream.action", "fields": {"action_object_object_id": "14", "description": null, "timestamp": "2012-11-20T01:05:40.007Z", "action_object_content_type": 35, "actor_object_id": "1", "verb": "discussed", "target_object_id": "1", "actor_content_type": 3, "public": true, "target_content_type": 22}}, {"pk": 9, "model": "actstream.action", "fields": {"action_object_object_id": "13", "description": null, "timestamp": "2012-11-20T00:43:26.418Z", "action_object_content_type": 35, "actor_object_id": "1", "verb": "discussed", "target_object_id": "1", "actor_content_type": 3, "public": true, "target_content_type": 22}}, {"pk": 8, "model": "actstream.action", "fields": {"action_object_object_id": "12", "description": null, "timestamp": "2012-11-20T00:42:18.751Z", "action_object_content_type": 35, "actor_object_id": "1", "verb": "discussed", "target_object_id": "1", "actor_content_type": 3, "public": true, "target_content_type": 22}}, {"pk": 7, "model": "actstream.action", "fields": {"action_object_object_id": "1", "description": null, "timestamp": "2012-11-20T00:25:01.273Z", "action_object_content_type": 26, "actor_object_id": "1", "verb": "rated on", "target_object_id": "1", "actor_content_type": 3, "public": true, "target_content_type": 22}}, {"pk": 6, "model": "actstream.action", "fields": {"action_object_object_id": "10", "description": null, "timestamp": "2012-11-19T23:58:43.325Z", "action_object_content_type": 35, "actor_object_id": "1", "verb": "discussed", "target_object_id": "2", "actor_content_type": 3, "public": true, "target_content_type": 22}}, {"pk": 5, "model": "actstream.action", "fields": {"action_object_object_id": null, "description": null, "timestamp": "2012-11-19T23:49:35.135Z", "action_object_content_type": null, "actor_object_id": "1", "verb": "edited Recipe", "target_object_id": "4", "actor_content_type": 3, "public": true, "target_content_type": 22}}, {"pk": 3, "model": "actstream.action", "fields": {"action_object_object_id": null, "description": null, "timestamp": "2012-11-19T23:49:26.182Z", "action_object_content_type": null, "actor_object_id": "1", "verb": "edited Recipe", "target_object_id": "4", "actor_content_type": 3, "public": true, "target_content_type": 22}}, {"pk": 2, "model": "actstream.action", "fields": {"action_object_object_id": null, "description": null, "timestamp": "2012-11-19T23:48:55.882Z", "action_object_content_type": null, "actor_object_id": "1", "verb": "edited Recipe", "target_object_id": "4", "actor_content_type": 3, "public": true, "target_content_type": 22}}, {"pk": 1, "model": "actstream.action", "fields": {"action_object_object_id": null, "description": null, "timestamp": "2012-11-19T23:44:39.589Z", "action_object_content_type": null, "actor_object_id": "1", "verb": "edited Recipe", "target_object_id": "4", "actor_content_type": 3, "public": true, "target_content_type": 22}}, {"pk": 85, "model": "auth.permission", "fields": {"codename": "add_myprofile", "name": "Can add my profile", "content_type": 29}}, {"pk": 86, "model": "auth.permission", "fields": {"codename": "change_myprofile", "name": "Can change my profile", "content_type": 29}}, {"pk": 104, "model": "auth.permission", "fields": {"codename": "change_profile", "name": "Can change profile", "content_type": 29}}, {"pk": 87, "model": "auth.permission", "fields": {"codename": "delete_myprofile", "name": "Can delete my profile", "content_type": 29}}, {"pk": 105, "model": "auth.permission", "fields": {"codename": "delete_profile", "name": "Can delete profile", "content_type": 29}}, {"pk": 88, "model": "auth.permission", "fields": {"codename": "view_profile", "name": "Can view profile", "content_type": 29}}, {"pk": 89, "model": "auth.permission", "fields": {"codename": "add_action", "name": "Can add action", "content_type": 31}}, {"pk": 91, "model": "auth.permission", "fields": {"codename": "change_action", "name": "Can change action", "content_type": 31}}, {"pk": 93, "model": "auth.permission", "fields": {"codename": "delete_action", "name": "Can delete action", "content_type": 31}}, {"pk": 90, "model": "auth.permission", "fields": {"codename": "add_follow", "name": "Can add follow", "content_type": 30}}, {"pk": 92, "model": "auth.permission", "fields": {"codename": "change_follow", "name": "Can change follow", "content_type": 30}}, {"pk": 94, "model": "auth.permission", "fields": {"codename": "delete_follow", "name": "Can delete follow", "content_type": 30}}, {"pk": 19, "model": "auth.permission", "fields": {"codename": "add_logentry", "name": "Can add log entry", "content_type": 7}}, {"pk": 20, "model": "auth.permission", "fields": {"codename": "change_logentry", "name": "Can change log entry", "content_type": 7}}, {"pk": 21, "model": "auth.permission", "fields": {"codename": "delete_logentry", "name": "Can delete log entry", "content_type": 7}}, {"pk": 1, "model": "auth.permission", "fields": {"codename": "add_group", "name": "Can add group", "content_type": 2}}, {"pk": 4, "model": "auth.permission", "fields": {"codename": "change_group", "name": "Can change group", "content_type": 2}}, {"pk": 7, "model": "auth.permission", "fields": {"codename": "delete_group", "name": "Can delete group", "content_type": 2}}, {"pk": 2, "model": "auth.permission", "fields": {"codename": "add_permission", "name": "Can add permission", "content_type": 1}}, {"pk": 5, "model": "auth.permission", "fields": {"codename": "change_permission", "name": "Can change permission", "content_type": 1}}, {"pk": 8, "model": "auth.permission", "fields": {"codename": "delete_permission", "name": "Can delete permission", "content_type": 1}}, {"pk": 3, "model": "auth.permission", "fields": {"codename": "add_user", "name": "Can add user", "content_type": 3}}, {"pk": 6, "model": "auth.permission", "fields": {"codename": "change_user", "name": "Can change user", "content_type": 3}}, {"pk": 9, "model": "auth.permission", "fields": {"codename": "delete_user", "name": "Can delete user", "content_type": 3}}, {"pk": 106, "model": "auth.permission", "fields": {"codename": "add_comment", "name": "Can add comment", "content_type": 35}}, {"pk": 112, "model": "auth.permission", "fields": {"codename": "can_moderate", "name": "Can moderate comments", "content_type": 35}}, {"pk": 108, "model": "auth.permission", "fields": {"codename": "change_comment", "name": "Can change comment", "content_type": 35}}, {"pk": 110, "model": "auth.permission", "fields": {"codename": "delete_comment", "name": "Can delete comment", "content_type": 35}}, {"pk": 107, "model": "auth.permission", "fields": {"codename": "add_commentflag", "name": "Can add comment flag", "content_type": 36}}, {"pk": 109, "model": "auth.permission", "fields": {"codename": "change_commentflag", "name": "Can change comment flag", "content_type": 36}}, {"pk": 111, "model": "auth.permission", "fields": {"codename": "delete_commentflag", "name": "Can delete comment flag", "content_type": 36}}, {"pk": 10, "model": "auth.permission", "fields": {"codename": "add_contenttype", "name": "Can add content type", "content_type": 4}}, {"pk": 11, "model": "auth.permission", "fields": {"codename": "change_contenttype", "name": "Can change content type", "content_type": 4}}, {"pk": 12, "model": "auth.permission", "fields": {"codename": "delete_contenttype", "name": "Can delete content type", "content_type": 4}}, {"pk": 22, "model": "auth.permission", "fields": {"codename": "add_crontabschedule", "name": "Can add crontab", "content_type": 11}}, {"pk": 30, "model": "auth.permission", "fields": {"codename": "change_crontabschedule", "name": "Can change crontab", "content_type": 11}}, {"pk": 38, "model": "auth.permission", "fields": {"codename": "delete_crontabschedule", "name": "Can delete crontab", "content_type": 11}}, {"pk": 23, "model": "auth.permission", "fields": {"codename": "add_intervalschedule", "name": "Can add interval", "content_type": 10}}, {"pk": 31, "model": "auth.permission", "fields": {"codename": "change_intervalschedule", "name": "Can change interval", "content_type": 10}}, {"pk": 39, "model": "auth.permission", "fields": {"codename": "delete_intervalschedule", "name": "Can delete interval", "content_type": 10}}, {"pk": 24, "model": "auth.permission", "fields": {"codename": "add_periodictask", "name": "Can add periodic task", "content_type": 13}}, {"pk": 32, "model": "auth.permission", "fields": {"codename": "change_periodictask", "name": "Can change periodic task", "content_type": 13}}, {"pk": 40, "model": "auth.permission", "fields": {"codename": "delete_periodictask", "name": "Can delete periodic task", "content_type": 13}}, {"pk": 25, "model": "auth.permission", "fields": {"codename": "add_periodictasks", "name": "Can add periodic tasks", "content_type": 12}}, {"pk": 33, "model": "auth.permission", "fields": {"codename": "change_periodictasks", "name": "Can change periodic tasks", "content_type": 12}}, {"pk": 41, "model": "auth.permission", "fields": {"codename": "delete_periodictasks", "name": "Can delete periodic tasks", "content_type": 12}}, {"pk": 28, "model": "auth.permission", "fields": {"codename": "add_taskmeta", "name": "Can add task state", "content_type": 8}}, {"pk": 36, "model": "auth.permission", "fields": {"codename": "change_taskmeta", "name": "Can change task state", "content_type": 8}}, {"pk": 44, "model": "auth.permission", "fields": {"codename": "delete_taskmeta", "name": "Can delete task state", "content_type": 8}}, {"pk": 26, "model": "auth.permission", "fields": {"codename": "add_tasksetmeta", "name": "Can add saved group result", "content_type": 9}}, {"pk": 34, "model": "auth.permission", "fields": {"codename": "change_tasksetmeta", "name": "Can change saved group result", "content_type": 9}}, {"pk": 42, "model": "auth.permission", "fields": {"codename": "delete_tasksetmeta", "name": "Can delete saved group result", "content_type": 9}}, {"pk": 27, "model": "auth.permission", "fields": {"codename": "add_taskstate", "name": "Can add task", "content_type": 15}}, {"pk": 35, "model": "auth.permission", "fields": {"codename": "change_taskstate", "name": "Can change task", "content_type": 15}}, {"pk": 43, "model": "auth.permission", "fields": {"codename": "delete_taskstate", "name": "Can delete task", "content_type": 15}}, {"pk": 29, "model": "auth.permission", "fields": {"codename": "add_workerstate", "name": "Can add worker", "content_type": 14}}, {"pk": 37, "model": "auth.permission", "fields": {"codename": "change_workerstate", "name": "Can change worker", "content_type": 14}}, {"pk": 45, "model": "auth.permission", "fields": {"codename": "delete_workerstate", "name": "Can delete worker", "content_type": 14}}, {"pk": 52, "model": "auth.permission", "fields": {"codename": "add_source", "name": "Can add source", "content_type": 18}}, {"pk": 54, "model": "auth.permission", "fields": {"codename": "change_source", "name": "Can change source", "content_type": 18}}, {"pk": 56, "model": "auth.permission", "fields": {"codename": "delete_source", "name": "Can delete source", "content_type": 18}}, {"pk": 53, "model": "auth.permission", "fields": {"codename": "add_thumbnail", "name": "Can add thumbnail", "content_type": 19}}, {"pk": 55, "model": "auth.permission", "fields": {"codename": "change_thumbnail", "name": "Can change thumbnail", "content_type": 19}}, {"pk": 57, "model": "auth.permission", "fields": {"codename": "delete_thumbnail", "name": "Can delete thumbnail", "content_type": 19}}, {"pk": 79, "model": "auth.permission", "fields": {"codename": "add_food", "name": "Can add food", "content_type": 28}}, {"pk": 81, "model": "auth.permission", "fields": {"codename": "change_food", "name": "Can change food", "content_type": 28}}, {"pk": 83, "model": "auth.permission", "fields": {"codename": "delete_food", "name": "Can delete food", "content_type": 28}}, {"pk": 80, "model": "auth.permission", "fields": {"codename": "add_foodcategory", "name": "Can add food category", "content_type": 27}}, {"pk": 82, "model": "auth.permission", "fields": {"codename": "change_foodcategory", "name": "Can change food category", "content_type": 27}}, {"pk": 84, "model": "auth.permission", "fields": {"codename": "delete_foodcategory", "name": "Can delete food category", "content_type": 27}}, {"pk": 46, "model": "auth.permission", "fields": {"codename": "add_groupobjectpermission", "name": "Can add group object permission", "content_type": 17}}, {"pk": 48, "model": "auth.permission", "fields": {"codename": "change_groupobjectpermission", "name": "Can change group object permission", "content_type": 17}}, {"pk": 50, "model": "auth.permission", "fields": {"codename": "delete_groupobjectpermission", "name": "Can delete group object permission", "content_type": 17}}, {"pk": 47, "model": "auth.permission", "fields": {"codename": "add_userobjectpermission", "name": "Can add user object permission", "content_type": 16}}, {"pk": 49, "model": "auth.permission", "fields": {"codename": "change_userobjectpermission", "name": "Can change user object permission", "content_type": 16}}, {"pk": 51, "model": "auth.permission", "fields": {"codename": "delete_userobjectpermission", "name": "Can delete user object permission", "content_type": 16}}, {"pk": 61, "model": "auth.permission", "fields": {"codename": "add_amount", "name": "Can add amount", "content_type": 24}}, {"pk": 67, "model": "auth.permission", "fields": {"codename": "change_amount", "name": "Can change amount", "content_type": 24}}, {"pk": 73, "model": "auth.permission", "fields": {"codename": "delete_amount", "name": "Can delete amount", "content_type": 24}}, {"pk": 62, "model": "auth.permission", "fields": {"codename": "add_didrecipe", "name": "Can add did recipe", "content_type": 23}}, {"pk": 68, "model": "auth.permission", "fields": {"codename": "change_didrecipe", "name": "Can change did recipe", "content_type": 23}}, {"pk": 74, "model": "auth.permission", "fields": {"codename": "delete_didrecipe", "name": "Can delete did recipe", "content_type": 23}}, {"pk": 63, "model": "auth.permission", "fields": {"codename": "add_recipe", "name": "Can add recipe", "content_type": 22}}, {"pk": 69, "model": "auth.permission", "fields": {"codename": "change_recipe", "name": "Can change recipe", "content_type": 22}}, {"pk": 75, "model": "auth.permission", "fields": {"codename": "delete_recipe", "name": "Can delete recipe", "content_type": 22}}, {"pk": 64, "model": "auth.permission", "fields": {"codename": "add_recipecategory", "name": "Can add recipe category", "content_type": 21}}, {"pk": 70, "model": "auth.permission", "fields": {"codename": "change_recipecategory", "name": "Can change recipe category", "content_type": 21}}, {"pk": 76, "model": "auth.permission", "fields": {"codename": "delete_recipecategory", "name": "Can delete recipe category", "content_type": 21}}, {"pk": 65, "model": "auth.permission", "fields": {"codename": "add_step", "name": "Can add step", "content_type": 25}}, {"pk": 71, "model": "auth.permission", "fields": {"codename": "change_step", "name": "Can change step", "content_type": 25}}, {"pk": 77, "model": "auth.permission", "fields": {"codename": "delete_step", "name": "Can delete step", "content_type": 25}}, {"pk": 66, "model": "auth.permission", "fields": {"codename": "add_vote", "name": "Can add vote", "content_type": 26}}, {"pk": 72, "model": "auth.permission", "fields": {"codename": "change_vote", "name": "Can change vote", "content_type": 26}}, {"pk": 78, "model": "auth.permission", "fields": {"codename": "delete_vote", "name": "Can delete vote", "content_type": 26}}, {"pk": 13, "model": "auth.permission", "fields": {"codename": "add_session", "name": "Can add session", "content_type": 5}}, {"pk": 14, "model": "auth.permission", "fields": {"codename": "change_session", "name": "Can change session", "content_type": 5}}, {"pk": 15, "model": "auth.permission", "fields": {"codename": "delete_session", "name": "Can delete session", "content_type": 5}}, {"pk": 16, "model": "auth.permission", "fields": {"codename": "add_site", "name": "Can add site", "content_type": 6}}, {"pk": 17, "model": "auth.permission", "fields": {"codename": "change_site", "name": "Can change site", "content_type": 6}}, {"pk": 18, "model": "auth.permission", "fields": {"codename": "delete_site", "name": "Can delete site", "content_type": 6}}, {"pk": 96, "model": "auth.permission", "fields": {"codename": "add_message", "name": "Can add message", "content_type": 34}}, {"pk": 99, "model": "auth.permission", "fields": {"codename": "change_message", "name": "Can change message", "content_type": 34}}, {"pk": 102, "model": "auth.permission", "fields": {"codename": "delete_message", "name": "Can delete message", "content_type": 34}}, {"pk": 95, "model": "auth.permission", "fields": {"codename": "add_messagecontact", "name": "Can add contact", "content_type": 32}}, {"pk": 98, "model": "auth.permission", "fields": {"codename": "change_messagecontact", "name": "Can change contact", "content_type": 32}}, {"pk": 101, "model": "auth.permission", "fields": {"codename": "delete_messagecontact", "name": "Can delete contact", "content_type": 32}}, {"pk": 97, "model": "auth.permission", "fields": {"codename": "add_messagerecipient", "name": "Can add recipient", "content_type": 33}}, {"pk": 100, "model": "auth.permission", "fields": {"codename": "change_messagerecipient", "name": "Can change recipient", "content_type": 33}}, {"pk": 103, "model": "auth.permission", "fields": {"codename": "delete_messagerecipient", "name": "Can delete recipient", "content_type": 33}}, {"pk": 58, "model": "auth.permission", "fields": {"codename": "add_userenasignup", "name": "Can add userena registration", "content_type": 20}}, {"pk": 59, "model": "auth.permission", "fields": {"codename": "change_userenasignup", "name": "Can change userena registration", "content_type": 20}}, {"pk": 60, "model": "auth.permission", "fields": {"codename": "delete_userenasignup", "name": "Can delete userena registration", "content_type": 20}}, {"pk": -1, "model": "auth.user", "fields": {"username": "AnonymousUser", "first_name": "", "last_name": "", "is_active": true, "is_superuser": false, "is_staff": false, "last_login": "2012-11-17T23:35:49.851Z", "groups": [], "user_permissions": [], "password": "", "email": "", "date_joined": "2012-11-17T23:35:49.851Z"}}, {"pk": 1, "model": "auth.user", "fields": {"username": "ido", "first_name": "I", "last_name": "Do", "is_active": true, "is_superuser": true, "is_staff": true, "last_login": "2012-11-19T23:42:28.250Z", "groups": [], "user_permissions": [], "password": "pbkdf2_sha256$10000$2EjRQZligyj0$VG32hPmYya0nkTVC9MUJYgJmNWWqaDvsIQE6pw/ux38=", "email": "yuyuy@sfu.ca", "date_joined": "2012-11-17T23:35:49Z"}}, {"pk": 2, "model": "auth.user", "fields": {"username": "yuyu", "first_name": "", "last_name": "", "is_active": true, "is_superuser": false, "is_staff": false, "last_login": "2012-11-19T23:42:14.183Z", "groups": [], "user_permissions": [], "password": "pbkdf2_sha256$10000$SdArkbt3zZ6e$VIKPZ7Kuq0nfDE+sA+UztN0mYp61REoN1ZeQ77vwoXo=", "email": "yuyu666306@gmail.com", "date_joined": "2012-11-18T22:08:16.488Z"}}, {"pk": 34, "model": "admin.logentry", "fields": {"action_flag": 3, "action_time": "2012-11-20T00:23:58.360Z", "object_repr": "Vote for Test from ido", "object_id": "2", "change_message": "", "user": 1, "content_type": 26}}, {"pk": 33, "model": "admin.logentry", "fields": {"action_flag": 3, "action_time": "2012-11-20T00:23:58.355Z", "object_repr": "Vote for Test Again from ido", "object_id": "4", "change_message": "", "user": 1, "content_type": 26}}, {"pk": 32, "model": "admin.logentry", "fields": {"action_flag": 3, "action_time": "2012-11-20T00:23:58.348Z", "object_repr": "Vote for Blackberry from ido", "object_id": "1", "change_message": "", "user": 1, "content_type": 26}}, {"pk": 31, "model": "admin.logentry", "fields": {"action_flag": 3, "action_time": "2012-11-20T00:23:58.340Z", "object_repr": "Vote for Hongshao YuYu from ido", "object_id": "3", "change_message": "", "user": 1, "content_type": 26}}, {"pk": 30, "model": "admin.logentry", "fields": {"action_flag": 3, "action_time": "2012-11-19T23:47:24.867Z", "object_repr": "Vote for Test Recipe from ido", "object_id": "1", "change_message": "", "user": 1, "content_type": 26}}, {"pk": 29, "model": "admin.logentry", "fields": {"action_flag": 3, "action_time": "2012-11-19T23:39:26.449Z", "object_repr": "ido rated on Vote for Test Recipe from ido on Test Recipe 1 day, 23 hours ago", "object_id": "1", "change_message": "", "user": 1, "content_type": 31}}, {"pk": 28, "model": "admin.logentry", "fields": {"action_flag": 3, "action_time": "2012-11-19T23:39:26.443Z", "object_repr": "ido liked Hongshao YuYu on Hongshao YuYu 20 hours, 41 minutes ago", "object_id": "2", "change_message": "", "user": 1, "content_type": 31}}, {"pk": 27, "model": "admin.logentry", "fields": {"action_flag": 3, "action_time": "2012-11-19T23:39:26.436Z", "object_repr": "ido liked Test Recipe on Test Recipe 20 hours, 30 minutes ago", "object_id": "3", "change_message": "", "user": 1, "content_type": 31}}, {"pk": 26, "model": "admin.logentry", "fields": {"action_flag": 3, "action_time": "2012-11-19T23:39:26.430Z", "object_repr": "yuyu started following ido 4 hours, 36 minutes ago", "object_id": "4", "change_message": "", "user": 1, "content_type": 31}}, {"pk": 25, "model": "admin.logentry", "fields": {"action_flag": 3, "action_time": "2012-11-19T23:39:26.423Z", "object_repr": "yuyu started following yuyu 4 hours, 33 minutes ago", "object_id": "5", "change_message": "", "user": 1, "content_type": 31}}, {"pk": 24, "model": "admin.logentry", "fields": {"action_flag": 3, "action_time": "2012-11-19T23:39:26.416Z", "object_repr": "ido discussed your Recipe I Do: again... on Test Recipe 1 hour, 32 minutes ago", "object_id": "6", "change_message": "", "user": 1, "content_type": 31}}, {"pk": 23, "model": "admin.logentry", "fields": {"action_flag": 3, "action_time": "2012-11-19T23:39:26.410Z", "object_repr": "ido discussed I Do: again and again!... on Test Recipe 1 hour, 30 minutes ago", "object_id": "7", "change_message": "", "user": 1, "content_type": 31}}, {"pk": 22, "model": "admin.logentry", "fields": {"action_flag": 3, "action_time": "2012-11-19T23:39:26.403Z", "object_repr": "I Do: again and again!... has a new discussion by ido 1 hour, 30 minutes ago", "object_id": "8", "change_message": "", "user": 1, "content_type": 31}}, {"pk": 21, "model": "admin.logentry", "fields": {"action_flag": 3, "action_time": "2012-11-19T23:39:26.396Z", "object_repr": "ido created a new Recipe, Test Again 17 minutes ago", "object_id": "9", "change_message": "", "user": 1, "content_type": 31}}, {"pk": 20, "model": "admin.logentry", "fields": {"action_flag": 3, "action_time": "2012-11-19T23:39:26.389Z", "object_repr": "ido started following Test Again 17 minutes ago", "object_id": "10", "change_message": "", "user": 1, "content_type": 31}}, {"pk": 19, "model": "admin.logentry", "fields": {"action_flag": 3, "action_time": "2012-11-19T23:39:26.382Z", "object_repr": "ido discussed I Do: test... on Test Again 17 minutes ago", "object_id": "11", "change_message": "", "user": 1, "content_type": 31}}, {"pk": 18, "model": "admin.logentry", "fields": {"action_flag": 3, "action_time": "2012-11-19T23:39:26.373Z", "object_repr": "yuyu discussed yuyu: wolai... on Test Again 16 minutes ago", "object_id": "12", "change_message": "", "user": 1, "content_type": 31}}, {"pk": 17, "model": "admin.logentry", "fields": {"action_flag": 2, "action_time": "2012-11-19T02:59:40.050Z", "object_repr": "Hongshao YuYu", "object_id": "2", "change_message": "No fields changed.", "user": 1, "content_type": 22}}, {"pk": 16, "model": "admin.logentry", "fields": {"action_flag": 2, "action_time": "2012-11-19T02:59:35.268Z", "object_repr": "Carribean food", "object_id": "3", "change_message": "Changed like_num.", "user": 1, "content_type": 22}}, {"pk": 15, "model": "admin.logentry", "fields": {"action_flag": 2, "action_time": "2012-11-19T02:56:41.304Z", "object_repr": "Profile of ido", "object_id": "1", "change_message": "No fields changed.", "user": 1, "content_type": 29}}, {"pk": 14, "model": "admin.logentry", "fields": {"action_flag": 2, "action_time": "2012-11-19T02:56:32.893Z", "object_repr": "Profile of yuyu", "object_id": "2", "change_message": "No fields changed.", "user": 1, "content_type": 29}}, {"pk": 13, "model": "admin.logentry", "fields": {"action_flag": 2, "action_time": "2012-11-19T02:56:27.335Z", "object_repr": "Profile of ido", "object_id": "1", "change_message": "Changed favourite_recipes.", "user": 1, "content_type": 29}}, {"pk": 12, "model": "admin.logentry", "fields": {"action_flag": 2, "action_time": "2012-11-18T09:22:50.987Z", "object_repr": "Test Recipe", "object_id": "1", "change_message": "Changed cover_image.", "user": 1, "content_type": 22}}, {"pk": 11, "model": "admin.logentry", "fields": {"action_flag": 1, "action_time": "2012-11-18T04:59:53.808Z", "object_repr": "ido -> ido", "object_id": "1", "change_message": "", "user": 1, "content_type": 30}}, {"pk": 10, "model": "admin.logentry", "fields": {"action_flag": 3, "action_time": "2012-11-18T03:37:06.446Z", "object_repr": "ido's Test Recipe", "object_id": "1", "change_message": "", "user": 1, "content_type": 23}}, {"pk": 9, "model": "admin.logentry", "fields": {"action_flag": 3, "action_time": "2012-11-18T03:37:06.444Z", "object_repr": "ido's Test Recipe", "object_id": "2", "change_message": "", "user": 1, "content_type": 23}}, {"pk": 8, "model": "admin.logentry", "fields": {"action_flag": 3, "action_time": "2012-11-18T03:37:06.442Z", "object_repr": "ido's Test Recipe", "object_id": "3", "change_message": "", "user": 1, "content_type": 23}}, {"pk": 7, "model": "admin.logentry", "fields": {"action_flag": 3, "action_time": "2012-11-18T03:37:06.439Z", "object_repr": "ido's Test Recipe", "object_id": "4", "change_message": "", "user": 1, "content_type": 23}}, {"pk": 6, "model": "admin.logentry", "fields": {"action_flag": 2, "action_time": "2012-11-18T03:32:49.470Z", "object_repr": "Profile of ido", "object_id": "1", "change_message": "Changed website.", "user": 1, "content_type": 29}}, {"pk": 5, "model": "admin.logentry", "fields": {"action_flag": 2, "action_time": "2012-11-18T01:46:55.095Z", "object_repr": "Profile of ido", "object_id": "1", "change_message": "Changed mugshot, location, age, website and about_me.", "user": 1, "content_type": 29}}, {"pk": 4, "model": "admin.logentry", "fields": {"action_flag": 2, "action_time": "2012-11-18T01:46:20.232Z", "object_repr": "ido", "object_id": "1", "change_message": "Changed password, first_name and last_name.", "user": 1, "content_type": 3}}, {"pk": 3, "model": "admin.logentry", "fields": {"action_flag": 1, "action_time": "2012-11-17T23:37:31.591Z", "object_repr": "Test", "object_id": "1", "change_message": "", "user": 1, "content_type": 21}}, {"pk": 2, "model": "admin.logentry", "fields": {"action_flag": 1, "action_time": "2012-11-17T23:36:58.588Z", "object_repr": "unactive", "object_id": "1", "change_message": "", "user": 1, "content_type": 27}}, {"pk": 1, "model": "admin.logentry", "fields": {"action_flag": 1, "action_time": "2012-11-17T23:36:26.143Z", "object_repr": "Profile of ido", "object_id": "1", "change_message": "", "user": 1, "content_type": 29}}, {"pk": 1, "model": "comments.comment", "fields": {"comment": "testttttttt", "user_url": "", "submit_date": "2012-11-19T21:01:10.188Z", "ip_address": "127.0.0.1", "object_pk": "1", "site": 1, "is_removed": false, "user": 1, "content_type": 22, "is_public": true, "user_name": "yuyu", "user_email": "yuyu666306@gmail.com"}}, {"pk": 2, "model": "comments.comment", "fields": {"comment": "url link test", "user_url": "http://127.0.0.1:8000/accounts/yuyu", "submit_date": "2012-11-19T21:06:35.426Z", "ip_address": "127.0.0.1", "object_pk": "1", "site": 1, "is_removed": false, "user": 1, "content_type": 22, "is_public": true, "user_name": "yuyu", "user_email": "yuyu666306@gmail.com"}}, {"pk": 3, "model": "comments.comment", "fields": {"comment": "jlkjsadlka", "user_url": "", "submit_date": "2012-11-19T21:06:58.461Z", "ip_address": "127.0.0.1", "object_pk": "1", "site": 1, "is_removed": false, "user": 1, "content_type": 22, "is_public": true, "user_name": "I Do", "user_email": "yuyuy@sfu.ca"}}, {"pk": 4, "model": "comments.comment", "fields": {"comment": "asdfasa", "user_url": "", "submit_date": "2012-11-19T22:05:23.709Z", "ip_address": "127.0.0.1", "object_pk": "1", "site": 1, "is_removed": false, "user": 1, "content_type": 22, "is_public": true, "user_name": "I Do", "user_email": "yuyuy@sfu.ca"}}, {"pk": 5, "model": "comments.comment", "fields": {"comment": "test signal", "user_url": "", "submit_date": "2012-11-19T22:06:25.991Z", "ip_address": "127.0.0.1", "object_pk": "1", "site": 1, "is_removed": false, "user": 1, "content_type": 22, "is_public": true, "user_name": "I Do", "user_email": "yuyuy@sfu.ca"}}, {"pk": 6, "model": "comments.comment", "fields": {"comment": "again", "user_url": "", "submit_date": "2012-11-19T22:06:41.864Z", "ip_address": "127.0.0.1", "object_pk": "1", "site": 1, "is_removed": false, "user": 1, "content_type": 22, "is_public": true, "user_name": "I Do", "user_email": "yuyuy@sfu.ca"}}, {"pk": 7, "model": "comments.comment", "fields": {"comment": "again and again!", "user_url": "", "submit_date": "2012-11-19T22:08:59.807Z", "ip_address": "127.0.0.1", "object_pk": "1", "site": 1, "is_removed": false, "user": 1, "content_type": 22, "is_public": true, "user_name": "I Do", "user_email": "yuyuy@sfu.ca"}}, {"pk": 8, "model": "comments.comment", "fields": {"comment": "test", "user_url": "", "submit_date": "2012-11-19T23:21:52.732Z", "ip_address": "127.0.0.1", "object_pk": "6", "site": 1, "is_removed": false, "user": 1, "content_type": 22, "is_public": true, "user_name": "I Do", "user_email": "yuyuy@sfu.ca"}}, {"pk": 9, "model": "comments.comment", "fields": {"comment": "wolai", "user_url": "", "submit_date": "2012-11-19T23:23:11.579Z", "ip_address": "127.0.0.1", "object_pk": "6", "site": 1, "is_removed": false, "user": 2, "content_type": 22, "is_public": true, "user_name": "yuyu", "user_email": "yuyu666306@gmail.com"}}, {"pk": 10, "model": "comments.comment", "fields": {"comment": "jaslkdjaslkj", "user_url": "", "submit_date": "2012-11-19T23:58:43.297Z", "ip_address": "127.0.0.1", "object_pk": "2", "site": 1, "is_removed": false, "user": 1, "content_type": 22, "is_public": true, "user_name": "I Do", "user_email": "yuyuy@sfu.ca"}}, {"pk": 11, "model": "comments.comment", "fields": {"comment": "testtest", "user_url": "", "submit_date": "2012-11-19T23:59:42.166Z", "ip_address": "127.0.0.1", "object_pk": "2", "site": 1, "is_removed": false, "user": 1, "content_type": 22, "is_public": true, "user_name": "I Do", "user_email": "yuyuy@sfu.ca"}}, {"pk": 12, "model": "comments.comment", "fields": {"comment": "ajax", "user_url": "", "submit_date": "2012-11-20T00:42:18.726Z", "ip_address": "127.0.0.1", "object_pk": "1", "site": 1, "is_removed": false, "user": 1, "content_type": 22, "is_public": true, "user_name": "I Do", "user_email": "yuyuy@sfu.ca"}}, {"pk": 13, "model": "comments.comment", "fields": {"comment": "ajax agin", "user_url": "", "submit_date": "2012-11-20T00:43:26.399Z", "ip_address": "127.0.0.1", "object_pk": "1", "site": 1, "is_removed": false, "user": 1, "content_type": 22, "is_public": true, "user_name": "I Do", "user_email": "yuyuy@sfu.ca"}}, {"pk": 14, "model": "comments.comment", "fields": {"comment": "haoyonglme", "user_url": "", "submit_date": "2012-11-20T01:05:39.978Z", "ip_address": "127.0.0.1", "object_pk": "1", "site": 1, "is_removed": false, "user": 1, "content_type": 22, "is_public": true, "user_name": "I Do", "user_email": "yuyuy@sfu.ca"}}, {"pk": 15, "model": "comments.comment", "fields": {"comment": "kjalskdjslajdlksjdlksj", "user_url": "", "submit_date": "2012-11-20T01:06:31.122Z", "ip_address": "127.0.0.1", "object_pk": "1", "site": 1, "is_removed": false, "user": 1, "content_type": 22, "is_public": true, "user_name": "I Do", "user_email": "yuyuy@sfu.ca"}}, {"pk": 16, "model": "comments.comment", "fields": {"comment": "ajkdjslk", "user_url": "", "submit_date": "2012-11-20T01:26:08.291Z", "ip_address": "127.0.0.1", "object_pk": "1", "site": 1, "is_removed": false, "user": 1, "content_type": 22, "is_public": true, "user_name": "I Do", "user_email": "yuyuy@sfu.ca"}}, {"pk": 17, "model": "comments.comment", "fields": {"comment": "ajax ok?", "user_url": "", "submit_date": "2012-11-20T01:31:44.214Z", "ip_address": "127.0.0.1", "object_pk": "1", "site": 1, "is_removed": false, "user": 1, "content_type": 22, "is_public": true, "user_name": "I Do", "user_email": "yuyuy@sfu.ca"}}, {"pk": 18, "model": "comments.comment", "fields": {"comment": "?????????", "user_url": "", "submit_date": "2012-11-20T01:42:03.588Z", "ip_address": "127.0.0.1", "object_pk": "1", "site": 1, "is_removed": false, "user": 1, "content_type": 22, "is_public": true, "user_name": "I Do", "user_email": "yuyuy@sfu.ca"}}, {"pk": 19, "model": "comments.comment", "fields": {"comment": "!!!!!!!!!!!!!", "user_url": "", "submit_date": "2012-11-20T01:43:32.913Z", "ip_address": "127.0.0.1", "object_pk": "1", "site": 1, "is_removed": false, "user": 1, "content_type": 22, "is_public": true, "user_name": "I Do", "user_email": "yuyuy@sfu.ca"}}, {"pk": 20, "model": "comments.comment", "fields": {"comment": "?????", "user_url": "", "submit_date": "2012-11-20T01:45:07.485Z", "ip_address": "127.0.0.1", "object_pk": "1", "site": 1, "is_removed": false, "user": 1, "content_type": 22, "is_public": true, "user_name": "I Do", "user_email": "yuyuy@sfu.ca"}}, {"pk": 21, "model": "comments.comment", "fields": {"comment": "rwerwerw", "user_url": "", "submit_date": "2012-11-20T01:46:59.749Z", "ip_address": "127.0.0.1", "object_pk": "1", "site": 1, "is_removed": false, "user": 1, "content_type": 22, "is_public": true, "user_name": "I Do", "user_email": "yuyuy@sfu.ca"}}, {"pk": 22, "model": "comments.comment", "fields": {"comment": "test ajax", "user_url": "", "submit_date": "2012-11-20T02:32:34.244Z", "ip_address": "127.0.0.1", "object_pk": "1", "site": 1, "is_removed": false, "user": 1, "content_type": 22, "is_public": true, "user_name": "I Do", "user_email": "yuyuy@sfu.ca"}}, {"pk": 23, "model": "comments.comment", "fields": {"comment": "test", "user_url": "", "submit_date": "2012-11-20T02:37:20.943Z", "ip_address": "127.0.0.1", "object_pk": "1", "site": 1, "is_removed": false, "user": 1, "content_type": 22, "is_public": true, "user_name": "I Do", "user_email": "yuyuy@sfu.ca"}}, {"pk": 24, "model": "comments.comment", "fields": {"comment": "ttttttt", "user_url": "", "submit_date": "2012-11-20T02:40:08.969Z", "ip_address": "127.0.0.1", "object_pk": "1", "site": 1, "is_removed": false, "user": 1, "content_type": 22, "is_public": true, "user_name": "I Do", "user_email": "yuyuy@sfu.ca"}}, {"pk": 25, "model": "comments.comment", "fields": {"comment": "hello", "user_url": "", "submit_date": "2012-11-20T02:51:31.253Z", "ip_address": "127.0.0.1", "object_pk": "1", "site": 1, "is_removed": false, "user": 1, "content_type": 22, "is_public": true, "user_name": "I Do", "user_email": "yuyuy@sfu.ca"}}, {"pk": 26, "model": "comments.comment", "fields": {"comment": "hello again", "user_url": "", "submit_date": "2012-11-20T02:52:32.201Z", "ip_address": "127.0.0.1", "object_pk": "1", "site": 1, "is_removed": false, "user": 1, "content_type": 22, "is_public": true, "user_name": "I Do", "user_email": "yuyuy@sfu.ca"}}, {"pk": 27, "model": "comments.comment", "fields": {"comment": "asdfasdf", "user_url": "", "submit_date": "2012-11-20T02:55:50.410Z", "ip_address": "127.0.0.1", "object_pk": "1", "site": 1, "is_removed": false, "user": 1, "content_type": 22, "is_public": true, "user_name": "I Do", "user_email": "yuyuy@sfu.ca"}}, {"pk": 28, "model": "comments.comment", "fields": {"comment": "asdfasdfafsafda", "user_url": "", "submit_date": "2012-11-20T02:56:18.587Z", "ip_address": "127.0.0.1", "object_pk": "1", "site": 1, "is_removed": false, "user": 1, "content_type": 22, "is_public": true, "user_name": "I Do", "user_email": "yuyuy@sfu.ca"}}, {"pk": 29, "model": "comments.comment", "fields": {"comment": "effect", "user_url": "", "submit_date": "2012-11-20T02:57:46.295Z", "ip_address": "127.0.0.1", "object_pk": "1", "site": 1, "is_removed": false, "user": 1, "content_type": 22, "is_public": true, "user_name": "I Do", "user_email": "yuyuy@sfu.ca"}}, {"pk": 30, "model": "comments.comment", "fields": {"comment": "fffffffff", "user_url": "", "submit_date": "2012-11-20T02:58:00.347Z", "ip_address": "127.0.0.1", "object_pk": "1", "site": 1, "is_removed": false, "user": 1, "content_type": 22, "is_public": true, "user_name": "I Do", "user_email": "yuyuy@sfu.ca"}}, {"pk": 31, "model": "comments.comment", "fields": {"comment": "fffffffffasdfasdfasfa", "user_url": "", "submit_date": "2012-11-20T02:58:09.384Z", "ip_address": "127.0.0.1", "object_pk": "1", "site": 1, "is_removed": false, "user": 1, "content_type": 22, "is_public": true, "user_name": "I Do", "user_email": "yuyuy@sfu.ca"}}, {"pk": 1, "model": "guardian.userobjectpermission", "fields": {"object_pk": "2", "user": 2, "content_type": 29, "permission": 88}}, {"pk": 2, "model": "guardian.userobjectpermission", "fields": {"object_pk": "2", "user": 2, "content_type": 29, "permission": 104}}, {"pk": 3, "model": "guardian.userobjectpermission", "fields": {"object_pk": "2", "user": 2, "content_type": 29, "permission": 105}}, {"pk": 4, "model": "guardian.userobjectpermission", "fields": {"object_pk": "2", "user": 2, "content_type": 3, "permission": 6}}, {"pk": 5, "model": "guardian.userobjectpermission", "fields": {"object_pk": "2", "user": 2, "content_type": 3, "permission": 9}}, {"pk": 1, "model": "userena.userenasignup", "fields": {"email_unconfirmed": "", "activation_key": "ALREADY_ACTIVATED", "last_active": null, "email_confirmation_key_created": null, "activation_notification_send": false, "email_confirmation_key": "", "user": 2}}, {"pk": 1, "model": "umessages.messagecontact", "fields": {"to_user": 1, "latest_message": 11, "from_user": 1}}, {"pk": 2, "model": "umessages.messagecontact", "fields": {"to_user": 1, "latest_message": 2, "from_user": 2}}, {"pk": 1, "model": "umessages.messagerecipient", "fields": {"message": 1, "read_at": "2012-11-19T03:17:32.811Z", "deleted_at": null, "user": 1}}, {"pk": 2, "model": "umessages.messagerecipient", "fields": {"message": 2, "read_at": "2012-11-19T03:17:35.328Z", "deleted_at": null, "user": 1}}, {"pk": 3, "model": "umessages.messagerecipient", "fields": {"message": 3, "read_at": "2012-11-19T03:17:32.811Z", "deleted_at": null, "user": 1}}, {"pk": 4, "model": "umessages.messagerecipient", "fields": {"message": 4, "read_at": null, "deleted_at": null, "user": 1}}, {"pk": 5, "model": "umessages.messagerecipient", "fields": {"message": 5, "read_at": null, "deleted_at": null, "user": 1}}, {"pk": 6, "model": "umessages.messagerecipient", "fields": {"message": 6, "read_at": null, "deleted_at": null, "user": 1}}, {"pk": 7, "model": "umessages.messagerecipient", "fields": {"message": 7, "read_at": null, "deleted_at": null, "user": 1}}, {"pk": 8, "model": "umessages.messagerecipient", "fields": {"message": 8, "read_at": null, "deleted_at": null, "user": 1}}, {"pk": 9, "model": "umessages.messagerecipient", "fields": {"message": 9, "read_at": null, "deleted_at": null, "user": 1}}, {"pk": 10, "model": "umessages.messagerecipient", "fields": {"message": 10, "read_at": null, "deleted_at": null, "user": 1}}, {"pk": 11, "model": "umessages.messagerecipient", "fields": {"message": 11, "read_at": null, "deleted_at": null, "user": 1}}, {"pk": 11, "model": "umessages.message", "fields": {"body": "asdfasf", "sender_deleted_at": null, "sender": 1, "sent_at": "2012-11-20T03:02:30.296Z"}}, {"pk": 10, "model": "umessages.message", "fields": {"body": "hi", "sender_deleted_at": null, "sender": 1, "sent_at": "2012-11-20T03:02:18.127Z"}}, {"pk": 9, "model": "umessages.message", "fields": {"body": "asdfasfasdfs", "sender_deleted_at": null, "sender": 1, "sent_at": "2012-11-20T03:02:05.933Z"}}, {"pk": 8, "model": "umessages.message", "fields": {"body": "asdfasdfasdfasd", "sender_deleted_at": null, "sender": 1, "sent_at": "2012-11-20T03:01:53.154Z"}}, {"pk": 7, "model": "umessages.message", "fields": {"body": "asdfasdfa", "sender_deleted_at": null, "sender": 1, "sent_at": "2012-11-20T03:01:48.694Z"}}, {"pk": 6, "model": "umessages.message", "fields": {"body": "fasdf", "sender_deleted_at": null, "sender": 1, "sent_at": "2012-11-20T03:00:17.904Z"}}, {"pk": 5, "model": "umessages.message", "fields": {"body": "how are u", "sender_deleted_at": null, "sender": 1, "sent_at": "2012-11-20T03:00:08.627Z"}}, {"pk": 4, "model": "umessages.message", "fields": {"body": "hi~", "sender_deleted_at": null, "sender": 1, "sent_at": "2012-11-20T02:59:56.663Z"}}, {"pk": 3, "model": "umessages.message", "fields": {"body": "klsdjlajs", "sender_deleted_at": null, "sender": 1, "sent_at": "2012-11-19T02:42:35.172Z"}}, {"pk": 2, "model": "umessages.message", "fields": {"body": "asdsad", "sender_deleted_at": null, "sender": 2, "sent_at": "2012-11-18T22:09:07.470Z"}}, {"pk": 1, "model": "umessages.message", "fields": {"body": "kjlkj", "sender_deleted_at": null, "sender": 1, "sent_at": "2012-11-18T20:44:35.342Z"}}, {"pk": 1, "model": "recipe.recipe", "fields": {"category": 1, "cook_time": "00:20:00", "name": "Test Recipe", "trend_num": 15.56817181296054, "author": 1, "rating_num": 2, "cumulative_score": 10, "brief": "Test Recipe\r\nTest Recipe\r\nTest Recipe", "did_num": 0, "cover_image": "Recipe_photos/d2ac9bc8-fa0e-4fda-89f2-a25d7badf722.jpg", "today_view_num": 6, "like_num": 1, "view_num": 173, "prep_time": "00:15:00", "date": "2012-11-17", "tips": "Test RecipeTest Recipe"}}, {"pk": 2, "model": "recipe.recipe", "fields": {"category": 1, "cook_time": "04:10:12", "name": "Hongshao YuYu", "trend_num": 1.0939063461918719, "author": 1, "rating_num": 0, "cumulative_score": -2, "brief": "sdafdsaf", "did_num": 0, "cover_image": "/media/Recipe_Images/Cover_Images/4e4fb1fa-2408-49e5-9a88-96db91fcb0cf/pig1.jpg.540x0_q90_crop_detail_sharpen_upscale.jpg", "today_view_num": 0, "like_num": 1, "view_num": 28, "prep_time": "01:10:00", "date": "2012-11-17", "tips": "sdafdsa"}}, {"pk": 3, "model": "recipe.recipe", "fields": {"category": 1, "cook_time": "03:59:00", "name": "Carribean food", "trend_num": 0.5753310213948047, "author": 1, "rating_num": 0, "cumulative_score": 0, "brief": "safdsfsf", "did_num": 0, "cover_image": "/media/Recipe_Images/Cover_Images/a4c7e615-1480-483b-85e5-94f1a04bea4c/this-is-sparta.jpg.540x0_q90_crop_detail_sharpen_upscale.jpg", "today_view_num": 0, "like_num": 1, "view_num": 20, "prep_time": "01:10:00", "date": "2012-11-18", "tips": "sfasdfsaf"}}, {"pk": 4, "model": "recipe.recipe", "fields": {"category": 1, "cook_time": "00:20:00", "name": "Blackberry", "trend_num": 0.523642126563541, "author": 1, "rating_num": 1, "cumulative_score": 4, "brief": "safasdf", "did_num": 0, "cover_image": "/media/Recipe_Images/Cover_Images/b4346167-7bf3-44d2-9fa5-917dc5525a16/Screenshot from 2012-11-03 21:45:34.png.540x0_q90_crop_detail_sharpen_upscale.jpg", "today_view_num": 0, "like_num": 0, "view_num": 15, "prep_time": "00:15:00", "date": "2012-11-18", "tips": "safdsaf"}}, {"pk": 5, "model": "recipe.recipe", "fields": {"category": 1, "cook_time": "00:20:00", "name": "Test", "trend_num": 0.5119999999999999, "author": 1, "rating_num": 0, "cumulative_score": 0, "brief": "Test", "did_num": 0, "cover_image": "/media/Recipe_Images/Cover_Images/fd28f3d7-690d-4eac-b4c0-5ed4c357ce97/to.jpg.540x0_q90_crop_detail_sharpen_upscale.jpg", "today_view_num": 0, "like_num": 0, "view_num": 4, "prep_time": "00:15:00", "date": "2012-11-19", "tips": ""}}, {"pk": 6, "model": "recipe.recipe", "fields": {"category": 1, "cook_time": "00:20:00", "name": "Test Again", "trend_num": 0.41984, "author": 1, "rating_num": 0, "cumulative_score": 0, "brief": "asdfa", "did_num": 0, "cover_image": "/media/Recipe_Images/Cover_Images/dd1456d1-7d42-453e-bb90-4294010dbceb/to.jpg.540x0_q90_crop_detail_sharpen_upscale.jpg", "today_view_num": 0, "like_num": 0, "view_num": 4, "prep_time": "00:15:00", "date": "2012-11-19", "tips": ""}}, {"pk": 1, "model": "recipe.didrecipe", "fields": {"date": "2012-11-18T03:38:53.953Z", "image": "Recipe_photos/d4b8a0f5-71a9-4297-a14c-7010e8ab2b29.jpg", "recipe": 1, "user": 1, "comments": "dsafdasfasdgawe"}}, {"pk": 1, "model": "recipe.vote", "fields": {"comment": "lkjlkjlkjlkjk", "date": "2012-11-20T00:25:01.269Z", "score": 5, "recipe": 1, "user": 1}}, {"pk": 1, "model": "accounts.myprofile", "fields": {"website": "http://cmpt470.csil.sfu.ca:8014/", "language": "en", "privacy": "registered", "age": 22, "favourite_recipes": [1, 2, 3], "about_me": "I do!", "user": 1, "mugshot": "mugshots/17864b3f34.jpg", "location": "Burnaby"}}, {"pk": 2, "model": "accounts.myprofile", "fields": {"website": "", "language": "en", "privacy": "registered", "age": null, "favourite_recipes": [], "about_me": "", "user": 2, "mugshot": "", "location": ""}}, {"pk": 1, "model": "actstream.follow", "fields": {"started": "2012-11-18T04:59:35Z", "actor_only": true, "user": 1, "content_type": 3, "object_id": "1"}}, {"pk": 2, "model": "actstream.follow", "fields": {"started": "2012-11-19T19:02:32.205Z", "actor_only": true, "user": 2, "content_type": 3, "object_id": "1"}}, {"pk": 3, "model": "actstream.follow", "fields": {"started": "2012-11-19T19:06:07.576Z", "actor_only": true, "user": 2, "content_type": 3, "object_id": "2"}}, {"pk": 4, "model": "actstream.follow", "fields": {"started": "2012-11-19T23:21:40.232Z", "actor_only": false, "user": 1, "content_type": 22, "object_id": "6"}}]